"last_name, first_name","player_id","year","ff_avg_speed","ff_avg_spin","p_formatted_ip","p_game"
"Vodnik, Victor",680767,2026,"98.5","2258","41.0","37"
"Holmes, Clay",605280,2026,"93.4","2207","63.1","11"
"Early, Connelly",813349,2026,"94","2336","91.2","17"
"Painter, Andrew",691725,2026,"96.5","2264","80.1","17"
"Bernardino, Brennan",657514,2026,"90.5","2144","50.2","58"
"Chandler, Bubba",696149,2026,"98.5","2412","121.1","24"
"Lambert, Peter",663567,2026,"93.9","2307","118.2","21"
"Imanaga, Shota",684007,2026,"91.6","2497","137.1","24"
"Rodón, Carlos",607074,2026,"94.4","2366","46.1","9"
"Dreyer, Jack",676263,2026,"94","2468","49.2","51"
"Zeferjahn, Ryan",666171,2026,"97.4","2277","56.0","50"
"Ray, Robbie",592662,2026,"93.2","2333","131.2","24"
"Bassitt, Chris",605135,2026,"91.7","2119","61.2","13"
"Stanek, Ryne",592773,2026,"98","2327","46.1","52"
"Cecconi, Slade",677944,2026,"93.4","2372","110.0","23"
"Scott, Tanner",656945,2026,"96.7","2537","49.0","53"
"Gómez, Yoendrys",672782,2026,"95.7","2463","53.1","50"
"Wrobleski, Justin",680736,2026,"94.4","2450","120.1","20"
"Schultz, Noah",702273,2026,"95.2","2467","65.1","15"
"Winn, Cole",668390,2026,"95.4","2393","42.1","46"
"Ohtani, Shohei",660271,2026,"98.1","2488","85.2","14"
"Civale, Aaron",650644,2026,"91.4","2401","87.1","22"
"Bruihl, Justin",677865,2026,"91.6","2241","59.2","54"
"Senzatela, Antonio",622608,2026,"97.3","2308","56.0","39"
"Rocker, Kumar",677958,2026,"94.5","2157","116.0","23"
"Myers, Tobias",668964,2026,"92.7","2239","46.0","26"
"Seymour, Ian",693855,2026,"91.4","2182","90.1","38"
"Holton, Tyler",663947,2026,"91.5","2188","57.0","52"
"Gusto, Ryan",687473,2026,"94.3","2406","49.0","15"
"Irvin, Jake",663623,2026,"93","2331","65.1","14"
"Nola, Aaron",605400,2026,"92.3","2349","130.0","25"
"Woods Richardson, Simeon",680573,2026,"92.6","2206","60.2","16"
"Fluharty, Mason",689254,2026,,,"48.2","64"
"Houser, Adrian",605288,2026,"95.6","2284","103.0","24"
"Pérez, Eury",691587,2026,"98.3","2676","116.2","21"
"Mahle, Tyler",641816,2026,"92.7","2310","106.2","20"
"Brazobán, Huascar",623211,2026,"96.9","2244","59.0","51"
"Cruz, Fernando",518585,2026,"93.2","2240","51.1","57"
"Harris, Hogan",663687,2026,"95.1","2324","53.0","56"
"Pfaadt, Brandon",694297,2026,"93.2","2486","92.2","22"
"Domínguez, Seranthony",622554,2026,"97.2","2322","41.2","48"
"Kilian, Caleb",668873,2026,"96.8","2380","47.2","49"
"Bachar, Lake",669199,2026,"94.6","2709","65.2","41"
"Littell, Zack",641793,2026,"91.7","2019","117.0","24"
"Johnson, Ryan",696270,2026,,,"55.0","14"
"Baz, Shane",669358,2026,"95.9","2399","139.1","24"
"Sproat, Brandon",687075,2026,"96.7","2046","95.2","21"
"Burke, Brock",656271,2026,"96.2","2318","59.2","62"
"Megill, Trevor",656730,2026,"98","2398","48.0","49"
"Marinaccio, Ron",676760,2026,"93.8","2176","55.1","39"
"Sugano, Tomoyuki",608372,2026,"92.4","2415","113.2","21"
"Romero, JoJo",668941,2026,"94.5","2317","43.0","44"
"Ginn, J.T.",669372,2026,"93.6","2044","121.1","24"
"Morán, Jovani",663558,2026,"92.6","2343","51.0","37"
"Detmers, Reid",672282,2026,"94.1","2147","135.0","24"
"Hart, Kyle",606996,2026,"94","2265","48.1","32"
"Alexander, Tyler",641302,2026,"91.9","2216","52.2","55"
"Brubaker, JT",664141,2026,"93.1","2098","57.2","38"
"Gausman, Kevin",592332,2026,"94","2281","139.0","25"
"May, Dustin",669160,2026,"96.9","2327","122.0","23"
"Bradley, Taj",671737,2026,"97.1","2310","135.2","24"
"Fried, Max",608331,2026,"95","2112","86.1","15"
"Mlodzinski, Carmen",669387,2026,"95","2099","99.2","27"
"Bibee, Tanner",676440,2026,"94","2155","144.1","25"
"Wheeler, Zack",554430,2026,"95.1","2436","115.1","20"
"Lauer, Eric",641778,2026,"91.1","2181","98.1","19"
"Ginkel, Kevin",656464,2026,"95.6","2406","51.0","54"
"Mize, Casey",663554,2026,"93.5","2263","96.0","18"
"Gilbert, Logan",669302,2026,"96.2","2209","145.1","24"
"Taylor, Grant",691799,2026,"98.1","2343","63.0","45"
"Corbin, Patrick",571578,2026,"91.3","2137","80.0","19"
"Montgomery, Mason",682254,2026,"98.3","2219","47.1","49"
"Senga, Kodai",673540,2026,"96.3","2370","48.2","17"
"Alcantara, Sandy",645261,2026,"97.5","2247","170.2","26"
"Kinley, Tyler",641755,2026,"94.4","2376","42.0","48"
"Wacha, Michael",608379,2026,"93.1","2153","150.2","24"
"McClanahan, Shane",663556,2026,"95.6","2221","99.0","20"
"Taillon, Jameson",592791,2026,"91.8","2344","84.0","17"
"Ramírez, Yohan",670990,2026,"96.6","2353","67.1","49"
"Luzardo, Jesús",666200,2026,"97","2233","143.2","24"
"Warren, Will",701542,2026,"93.6","2540","118.0","24"
"Nunez, Anthony",689296,2026,"96.1","2609","45.0","40"
"Faucher, Calvin",676534,2026,"96.4","2415","50.2","51"
"Feltner, Ryan",663372,2026,"94.8","2382","87.0","18"
"López, Reynaldo",625643,2026,"94.2","2066","71.2","24"
"Ryan, Joe",657746,2026,"93.4","2285","125.2","23"
"Burrows, Mike",681347,2026,"95","2277","94.2","18"
"Bennett, Jake",687562,2026,"93","2156","80.2","14"
"Roupp, Landen",694738,2026,"92.8","2141","129.1","24"
"Quintana, Jose",500779,2026,"89.7","2142","41.0","9"
"Fedde, Erick",607200,2026,"94.3","2107","109.2","26"
"Boyd, Matthew",571510,2026,"92.7","2316","79.2","14"
"Avila, Luinder",679883,2026,"96.1","2490","70.0","21"
"O'Brien, Riley",676617,2026,,,"48.2","49"
"Clarke, Taylor",664199,2026,"94.4","2291","54.1","54"
"Medina, Luis",665622,2026,"97.6","2402","54.0","41"
"Rolison, Ryan",669020,2026,"94.7","2283","47.2","43"
"Weaver, Luke",596133,2026,"95.3","2442","46.0","44"
"Cano, Yennier",666974,2026,"94.6","2199","41.1","53"
"Elder, Bryce",693821,2026,"92.5","2230","131.2","23"
"Márquez, Germán",608566,2026,"94.6","2167","53.0","13"
"Jax, Griffin",643377,2026,"96","2527","91.2","29"
"Fermin, José",820862,2026,"96.6","2280","41.1","38"
"Miller, Bryce",682243,2026,"96.1","2508","85.0","15"
"deGrom, Jacob",594798,2026,"97.3","2470","120.2","23"
"Skenes, Paul",694973,2026,"96.8","2173","134.2","25"
"Bubic, Kris",663460,2026,"91.8","2398","50.1","9"
"De Los Santos, Enyel",660853,2026,"95.1","2247","57.1","54"
"Holmes, Grant",656550,2026,"94.2","2324","114.0","23"
"Alvarado, José",621237,2026,"97.1","1987","44.0","51"
"Lowder, Rhett",695076,2026,"93.4","2246","94.1","21"
"Scott, Christian",681035,2026,"95.5","2304","78.1","17"
"Lynch IV, Daniel",663738,2026,"94.9","2314","50.0","48"
"Lee, Dylan",669276,2026,"93.2","2371","55.1","57"
"Fisher, Braydon",680755,2026,"94.7","2214","61.0","58"
"Springs, Jeffrey",605488,2026,"91.4","2147","108.0","22"
"Svanson, Matt",694335,2026,"96.4","2198","43.1","41"
"Matz, Steven",571927,2026,,,"63.2","23"
"Henriquez, Edgardo",683618,2026,"100.5","2516","48.1","48"
"Kolek, Stephen",663568,2026,"94.2","2242","54.0","10"
"Smith, Cade",671922,2026,"97.3","2357","54.2","51"
"Newcomb, Sean",656794,2026,"94.6","2268","65.2","45"
"Richards, Trevor",670950,2026,"92","2260","55.1","37"
"Sheehan, Emmet",686218,2026,"94.4","2441","95.1","20"
"Suarez, Ranger",624133,2026,"91.7","2047","108.0","21"
"Griffin, Foster",656492,2026,"91.5","2091","138.1","24"
"Gasser, Robert",688107,2026,"92.6","2230","73.1","14"
"Paddack, Chris",663978,2026,"92.9","2209","57.0","14"
"Yesavage, Trey",702056,2026,"94.3","2251","93.2","18"
"Gray, Peyton",682608,2026,"92.9","2323","48.0","41"
"Dollander, Chase",801403,2026,"98.9","2356","44.0","10"
"Melton, Troy",675512,2026,"96.3","2257","80.0","13"
"Cole, Gerrit",543037,2026,"96.8","2320","86.2","15"
"Arrighetti, Spencer",681293,2026,"92.4","2340","88.0","17"
"Freeland, Kyle",607536,2026,"91.4","2378","120.2","22"
"Montero, Keider",672456,2026,"94.3","2228","128.2","26"
"Bednar, David",670280,2026,"96.1","2354","52.2","49"
"Duran, Jhoan",661395,2026,"100.3","2074","42.1","45"
"Rodriguez, Eduardo",593958,2026,"92","2292","143.1","24"
"Burns, Chase",695505,2026,"97.7","2628","131.0","23"
"Junis, Jakob",596001,2026,"92.3","2117","40.0","36"
"Bowlan, Jonathan",680742,2026,"97.2","2410","43.2","46"
"De Jesus, Enmanuel",646241,2026,"94.2","2327","41.0","28"
"Buehler, Walker",621111,2026,"94.1","2165","114.1","24"
"Latz, Jacob",656641,2026,"94.7","2318","54.0","43"
"Scholtens, Jesse",669947,2026,"93.1","2228","40.2","10"
"King, Michael",650633,2026,"94.1","2339","142.1","25"
"McLean, Nolan",690997,2026,"96.1","2330","136.2","24"
"Manaea, Sean",640455,2026,"91","2047","104.2","25"
"Soto, Gregory",642397,2026,"97.1","2336","50.2","51"
"Burke, Sean",680732,2026,"94.9","2584","135.2","24"
"Garcia, Rico",670329,2026,"95.4","2508","50.2","56"
"Santana, Dennis",642701,2026,"94.1","2432","41.2","44"
"Bello, Brayan",678394,2026,"95.1","2027","83.2","18"
"Mejia, Juan",675848,2026,"97.2","2460","51.1","48"
"Graceffo, Gordon",700669,2026,"95.4","2042","59.2","48"
"Weissert, Greg",669711,2026,"93.9","2281","46.1","49"
"Webb, Logan",657277,2026,"92.3","2084","133.0","21"
"Rasmussen, Drew",656876,2026,"95.9","2513","129.1","23"
"Brown, Ben",676962,2026,"96.3","2208","68.0","20"
"Valdez, Framber",664285,2026,"94.8","2172","133.0","24"
"Klein, Will",694361,2026,"97.5","2212","41.2","36"
"Harrison, Kyle",690986,2026,"94.9","2366","93.1","19"
"Schlittler, Cam",693645,2026,"97.9","2518","146.2","25"
"Loáisiga, Jonathan",642528,2026,"97.4","2403","47.1","50"
"Thompson, Ryan",657044,2026,"91.3","2149","40.2","46"
"Kay, Anthony",641743,2026,"95.8","2339","116.0","24"
"Orze, Eric",679358,2026,"92.8","2272","41.1","36"
"McCullers Jr., Lance",621121,2026,"91.6","2138","44.0","10"
"Eovaldi, Nathan",543135,2026,"94.5","2180","132.2","22"
"Matsui, Yuki",673513,2026,"91.9","2440","47.0","35"
"Ureña, Walbert",700712,2026,"97.7","2255","107.2","22"
"Castillo, Luis",622491,2026,"95.3","2272","110.2","22"
"Thornton, Zac",804267,2026,"91.9","2291","45.1","8"
"McDonald, Trevor",686790,2026,"94","2249","70.1","14"
"Kelly, Kevin",687330,2026,"93.1","2121","55.2","52"
"Keller, Mitch",656605,2026,"93.3","2364","115.2","22"
"Blackburn, Paul",621112,2026,"94.7","2274","67.1","45"
"Imai, Tatsuya",837227,2026,"94.9","1998","64.2","17"
"Young, Brandon",687064,2026,"94.4","2240","113.2","20"
"Schreiber, John",670167,2026,"93.8","2277","44.0","49"
"Suárez, Albert",544150,2026,"93.6","2306","50.0","22"
"Wells, Tyler",669330,2026,"93.4","2415","59.1","47"
"Erceg, Lucas",668674,2026,"97.1","2097","43.1","46"
"King, Bryan",687911,2026,"92","2098","50.0","48"
"Farris, Mitch",815083,2026,"91.7","2172","47.1","26"
"Nance, Tommy",667297,2026,"94.6","1922","45.1","45"
"Headrick, Brent",687396,2026,"94.3","2329","61.1","62"
"Hoffman, Jeff",656546,2026,"96.4","2533","52.0","55"
"Kirby, George",669923,2026,"96.6","2264","136.2","23"
"Soroka, Michael",647336,2026,"93.6","2518","86.1","16"
"Doval, Camilo",666808,2026,,,"45.2","50"
"Sale, Chris",519242,2026,"96.1","2341","129.0","22"
"Fuentes, Didier",800311,2026,"97.2","2105","52.2","43"
"Vesia, Alex",681911,2026,"92","2495","42.0","54"
"Leahy, Kyle",681517,2026,"94.2","2172","117.1","23"
"Severino, Luis",622663,2026,"96.9","2251","62.2","12"
"Hancock, Emerson",676106,2026,"95.4","2353","121.0","22"
"Martin, Davis",663436,2026,"93.9","2412","125.0","24"
"Williams, Gavin",668909,2026,"97.4","2301","149.0","25"
"Uribe, Abner",682842,2026,"97.9","2336","48.1","49"
"Gore, MacKenzie",669022,2026,"95.4","2244","134.0","25"
"Soriano, José",667755,2026,"97.2","2183","133.2","24"
"Mikolas, Miles",571945,2026,"93.2","2220","116.0","25"
"Lugo, Seth",607625,2026,"91.7","2275","139.1","25"
"Sánchez, Cristopher",650911,2026,,,"155.2","25"
"McGreevy, Michael",700241,2026,"91.8","2237","126.0","23"
"Sasaki, Roki",808963,2026,"97.8","2270","111.0","21"
"Kochanowicz, Jack",686799,2026,"96.2","2285","64.0","13"
"Matthews, Zebby",805673,2026,"95.2","2293","91.0","16"
"Pérez, Martín",527048,2026,"89.9","2102","106.1","23"
"Morris, Andrew",702193,2026,"97.1","2059","56.1","46"
"Messick, Parker",800048,2026,"94.2","2169","142.1","24"
"Vásquez, Randy",681190,2026,"95","2432","106.0","23"
"Meyer, Max",676974,2026,"95.1","2614","111.0","20"
"Lopez, Jacob",682052,2026,"90.5","2196","82.0","19"
"Rogers, Taylor",573124,2026,,,"44.0","50"
"Tolle, Payton",801139,2026,"96.1","2258","115.0","20"
"Canning, Griffin",656288,2026,"94.5","2186","71.0","20"
"Sulser, Cole",642121,2026,"92.2","2386","46.1","41"
"Skubal, Tarik",669373,2026,"96.7","2323","107.2","18"
"Rogers, Trevor",669432,2026,"93.6","2473","119.2","22"
"Kelly, Merrill",518876,2026,"92.1","2366","125.0","22"
"Lodolo, Nick",666157,2026,"94","2282","66.2","13"
"Henderson, Logan",701656,2026,"93","2344","56.1","11"
"Raley, Brooks",548384,2026,,,"46.1","50"
"Herrin, Tim",682120,2026,"94.7","2361","41.0","50"
"Hill, Tim",657612,2026,"89.2","2078","46.0","54"
"Anderson, Drew",623454,2026,"95.7","2279","71.1","42"
"Silseth, Chase",681217,2026,"95.9","2405","46.1","54"
"Abreu, Bryan",650556,2026,"95.5","2205","44.0","47"
"Misiorowski, Jacob",694819,2026,"100.6","2628","133.0","22"
"Hudson, Bryan",663542,2026,"92.1","2201","50.2","53"
"Whitlock, Garrett",676477,2026,,,"44.0","45"
"Peralta, Wandy",593974,2026,"96.4","2142","61.0","53"
"Legumina, Casey",668984,2026,"93.3","2374","51.2","41"
"Gaddis, Hunter",683769,2026,"95.1","2259","40.0","47"
"Sisk, Evan",681895,2026,"91.6","2037","40.2","36"
"Assad, Javier",665871,2026,"93.4","2145","80.1","21"
"Cabrera, Edward",665795,2026,"96.1","2246","72.1","14"
"Martinez, Nick",607259,2026,"92.7","2262","138.0","23"
"Finnegan, Kyle",640448,2026,"96.3","2229","49.0","50"
"Blubaugh, AJ",805123,2026,"95.7","2258","75.0","46"
"Phillips, Tyler",663969,2026,"96.1","2201","98.2","30"
"Gallen, Zac",668678,2026,"93.4","2311","98.0","19"
"Cantillo, Joey",676282,2026,"92.1","1872","119.2","25"
"Morillo, Juan",666661,2026,"98.7","2250","49.1","53"
"Festa, Matt",670036,2026,"92.5","2524","50.1","52"
"Bachman, Sam",696147,2026,"98.5","2299","45.2","41"
"Iglesias, Raisel",628452,2026,"94.4","2329","44.2","44"
"Ritchie, JR",702275,2026,"94.5","2353","58.0","14"
"Alvarez, Andrew",674841,2026,"92.3","2317","75.0","18"
"Lorenzen, Michael",547179,2026,"94","2399","112.0","25"
"Liberatore, Matthew",669461,2026,"94.4","2110","119.0","24"
"Kerkering, Orion",689147,2026,"97.3","2350","47.1","51"
"Prielipp, Connor",687570,2026,"95.5","2274","82.2","16"
"Teng, Kai-Wei",678906,2026,"93.3","2472","68.1","25"
"Lord, Brad",695418,2026,"94.5","2421","61.2","29"
"Yamamoto, Yoshinobu",808967,2026,"96.1","2247","145.1","22"
"Agnos, Zach",688642,2026,"94.4","2356","68.2","30"
"Varland, Louis",686973,2026,"98.7","2268","63.1","57"
"Pallante, Andre",669467,2026,"95.2","2211","130.0","23"
"Peterson, David",656849,2026,"92.4","2156","111.0","24"
"Cease, Dylan",656302,2026,"97.3","2469","131.1","22"
"Rodriguez, Grayson",680570,2026,"96.1","2259","59.0","13"
"Peralta, Freddy",642547,2026,"94.2","2422","123.1","24"
"Dobbins, Hunter",690928,2026,"94.9","2377","45.0","9"
"Drohan, Shane",675660,2026,"94.9","2436","98.1","24"
"Winn, Keaton",676775,2026,"96.1","2344","42.1","43"
"Brown, Hunter",686613,2026,"96.2","2244","63.2","12"
"Lange, Alex",656638,2026,"95.9","2290","47.2","46"
"Morejon, Adrian",670970,2026,"99.3","2451","65.1","56"
"Perkins, Jack",678022,2026,"95.8","2237","81.2","29"
"Ashcraft, Braxton",677952,2026,"97.2","2349","141.1","24"
"Anderson, Grant",681982,2026,"93.4","2412","49.1","45"
"Soriano, George",666277,2026,"96.6","2138","53.1","55"
"Okert, Steven",595345,2026,"91.3","2238","60.2","60"
"Scherzer, Max",453286,2026,"93.2","2335","41.0","10"
"Pérez, Cionel",672335,2026,"96.9","2156","41.2","36"
"Miller, Mason",695243,2026,"101.5","2531","51.1","49"
"Muñoz, Andrés",662253,2026,"99.6","2336","44.1","47"
"Ferrer, José A.",678606,2026,"95.7","2272","50.0","55"
"Rogers, Tyler",643511,2026,,,"56.1","58"
"Woodruff, Brandon",605540,2026,"91.8","2336","45.1","9"
"Singer, Brady",663903,2026,"90.7","2420","119.2","23"
"Jump, Gage",695611,2026,"96.3","2359","78.0","15"
"Weathers, Ryan",677960,2026,"95.8","2382","126.2","23"
"Jones, Jared",683003,2026,"98.3","2543","59.0","13"
"Cavalli, Cade",676917,2026,"96.8","2299","136.2","26"
"Quantrill, Cal",615698,2026,"93.8","2131","70.2","25"
"Webb, Jacob",657097,2026,"94.2","2464","54.0","54"
"Nelson, Ryne",669194,2026,"96.3","2287","83.1","15"
"Petersen, Michael",656848,2026,"97.9","2361","49.1","48"
"Kremer, Dean",665152,2026,"93.1","2276","48.0","9"
"Ashby, Aaron",676879,2026,"97.3","2228","66.1","56"
"Rea, Colin",607067,2026,"93.7","2172","121.2","24"
"Leiter, Jack",683004,2026,"96.7","2435","80.0","15"
"Abbott, Andrew",671096,2026,"92.5","2343","133.0","25"
"Ober, Bailey",641927,2026,"88.1","2264","99.0","18"
"Mayza, Tim",641835,2026,"94.7","2053","55.1","48"
"Watson, Ryan",670245,2026,"94.2","2219","58.1","38"
"Cameron, Noah",702070,2026,"92.5","2323","129.1","23"
"Cruz, Steven",674444,2026,"98.4","2207","45.1","43"
"Suter, Brent",608718,2026,"87.5","2189","68.1","43"
"Rodriguez, Bradgley",699134,2026,"98.3","2419","56.0","51"
"Shugart, Chase",663767,2026,"96.1","2141","40.0","34"
"Suarez, José",660761,2026,"92.7","2367","58.2","42"
"Gordon, Tanner",685299,2026,"92.8","2234","67.1","16"
"Flaherty, Jack",656427,2026,"92.7","2256","86.1","19"
"Sterner, Justin",686993,2026,"93.5","2334","42.2","46"
"Holderman, Colin",670059,2026,"97.2","2424","48.1","48"
"Yarbrough, Ryan",642232,2026,"87.5","1933","45.1","29"
"Woo, Bryan",693433,2026,"96","2277","132.1","23"
"King, John",667463,2026,"90.5","2055","47.2","48"
"Bazardo, Eduard",660825,2026,"95.5","2097","55.0","58"
"Gray, Sonny",543243,2026,"91.7","2469","125.2","22"
"Patrick, Chad",694477,2026,"95.4","2329","87.1","41"
"Bradish, Kyle",680694,2026,"94","2401","127.0","23"
"Moll, Sam",594580,2026,"92.5","2613","48.0","56"
"Bieber, Shane",669456,2026,"92.3","2374","48.2","10"
"Miles, Spencer",693686,2026,"96","2229","77.0","36"
"Junk, Janson",676083,2026,"94.1","2332","87.2","17"
"Baker, Bryan",641329,2026,"96.7","2301","46.1","48"