"last_name, first_name","player_id","year","ff_avg_speed","p_formatted_ip"
"Baker, Bryan",641329,2026,"96.8","42.1"
"Gómez, Yoendrys",672782,2026,"95.6","49.2"
"Nelson, Ryne",669194,2026,"96.3","83.1"
"Junk, Janson",676083,2026,"94.2","78.2"
"Ríos, Yacksel",605441,2026,"98.1","1.2"
"Kilian, Caleb",668873,2026,"96.8","43.1"
"Bender, Anthony",669622,2026,"96.8","34.1"
"Buttó, José",676130,2026,"94.1","2.0"
"Anderson, Drew",623454,2026,"95.8","62.1"
"Castro, Kervin",665645,2026,"94.2","2.2"
"Peoples, Ben",687239,2026,"96.4","10.0"
"Glasnow, Tyler",607192,2026,"95.3","39.2"
"Beeks, Jalen",656222,2026,"93.4","26.0"
"Murdock, Noah",668716,2026,"94","2.0"
"Krook, Matt",640454,2026,,"8.1"
"Murphy, Owen",702566,2026,"93.6","6.2"
"Vesia, Alex",681911,2026,"91.9","37.0"
"Whisenhunt, Carson",687931,2026,"92.8","19.0"
"Gervase, Paul",801434,2026,"92.7","7.2"
"Gordon, Colton",676467,2026,"91.2","9.1"
"Anderson, Shaun",641312,2026,"93.2","16.2"
"Keller, Brad",641745,2026,"97","31.1"
"Kinley, Tyler",641755,2026,"94.3","38.1"
"McLean, Nolan",690997,2026,"96.1","125.2"
"Farris, Mitch",815083,2026,"91.8","45.1"
"Garcia, Brandyn",805299,2026,,"30.0"
"Strzelecki, Peter",657265,2026,"92.9","3.0"
"Mantiply, Joe",573009,2026,,"17.2"
"Luzardo, Jesús",666200,2026,"97","128.2"
"Pomeranz, Drew",519141,2026,"92.1","29.0"
"Lazar, Max",676661,2026,"94.6","8.0"
"Ginn, J.T.",669372,2026,"93.6","109.1"
"Lovelady, Richard",663992,2026,"91.4","30.1"
"Cabrera, Jose",703615,2026,"93.4","17.2"
"Crochet, Garrett",676979,2026,"95.8","30.0"
"Woodruff, Brandon",605540,2026,"91.8","45.1"
"Bratt, Mitch",683352,2026,"91.6","20.2"
"Johnson, Ryan",696270,2026,,"46.0"
"Brazobán, Huascar",623211,2026,"96.8","51.2"
"Imai, Tatsuya",837227,2026,"94.9","58.2"
"Suter, Brent",608718,2026,"87.4","61.1"
"Estrada, Jeremiah",669093,2026,"95.8","21.2"
"Dreyer, Jack",676263,2026,"93.9","44.0"
"Booser, Cam",592155,2026,"95.6","21.1"
"Dion, Will",702021,2026,"91.6","18.2"
"Kimbrel, Craig",518886,2026,"93.6","32.2"
"Díaz, Edwin",621242,2026,"95.9","8.0"
"Woodford, Jake",663765,2026,"93.4","25.1"
"Lange, Alex",656638,2026,"95.9","42.2"
"López, Reynaldo",625643,2026,"94.2","71.2"
"Newcomb, Sean",656794,2026,"94.6","59.2"
"Uribe, Abner",682842,2026,,"43.1"
"Espino, Daniel",682982,2026,"98.9","6.0"
"Ashby, Aaron",676879,2026,"97.3","60.2"
"Treinen, Blake",595014,2026,"94.6","23.0"
"Go, Woo-Suk",808970,2026,"94.5","4.0"
"Young, Danny",664849,2026,,"8.2"
"Gray, Peyton",682608,2026,"92.9","41.1"
"McDonald, Trevor",686790,2026,"94","70.1"
"Solesky, Chase",686678,2026,"93.1","3.0"
"Fisher, Braydon",680755,2026,"94.7","52.0"
"Ahlstrom, Robby",695239,2026,"94.5","21.0"
"Rashi, Taylor",688497,2026,"90.8","3.2"
"Harrison, Kyle",690986,2026,"95","83.2"
"Hill, Tim",657612,2026,"89.3","40.2"
"Sims, Lucas",608371,2026,"94.1","10.0"
"Anderson, Grant",681982,2026,"93.4","48.2"
"Baz, Shane",669358,2026,"96","122.0"
"Crow, Coleman",689441,2026,"91.3","18.2"
"Zimmermann, Bruce",669145,2026,"89.8","5.0"
"Bello, Brayan",678394,2026,"95","74.2"
"Soriano, José",667755,2026,"97.2","123.0"
"Bradish, Kyle",680694,2026,"94","118.0"
"Smith-Shawver, AJ",700363,2026,"97.2","4.1"
"Stanek, Ryne",592773,2026,"98.1","42.1"
"Eflin, Zach",621107,2026,"91.9","3.2"
"Andrews, Tanner",681084,2026,"95","3.0"
"Snelling, Robby",702281,2026,"95.3","5.0"
"Horton, Cade",690990,2026,"95.4","7.1"
"Yesavage, Trey",702056,2026,"94.3","91.2"
"Stewart, Brock",592779,2026,"95.6","14.2"
"Bolton, Cody",675989,2026,"94.8","20.0"
"Cornelio, Riley",683000,2026,"96.4","19.1"
"Megill, Trevor",656730,2026,"97.9","40.1"
"Santana, Dennis",642701,2026,"94.1","41.2"
"Shugart, Chase",663767,2026,"96.1","34.2"
"Watson, Ryan",670245,2026,"94.1","55.2"
"Parker, Mitchell",680730,2026,"93.6","39.2"
"VanWey, Logan",701121,2026,"93.4","6.0"
"Adams, Travis",701519,2026,"94.4","32.1"
"Whitlock, Garrett",676477,2026,,"40.0"
"Cerantola, Eric",672021,2026,"94.5","5.1"
"Leahy, Kyle",681517,2026,"94.1","107.1"
"Backhus, Kyle",679775,2026,,"18.0"
"Raya, Marco",694397,2026,"94.6","6.0"
"Abel, Mick",690953,2026,"94.8","20.1"
"Snell, Blake",605483,2026,"95.9","3.0"
"Soriano, George",666277,2026,"96.6","48.0"
"Kelly, Antwone",699008,2026,"98.9","7.1"
"Stratton, Hunter",676702,2026,"96.8","3.1"
"Cano, Yennier",666974,2026,"94.7","37.2"
"Ferrer, José A.",678606,2026,"95.7","45.0"
"Santos, Gregory",666619,2026,"96.1","5.0"
"Rodríguez, Elmer",695684,2026,"95.1","17.0"
"Rogers, Tyler",643511,2026,,"48.0"
"Thompson, Ryan",657044,2026,"91","39.0"
"Little, Luke",681432,2026,"95.7","1.0"
"Kikuchi, Yusei",579328,2026,"95.4","31.0"
"Heasley, Jonathan",669169,2026,"91.4","4.0"
"Mize, Casey",663554,2026,"93.5","86.2"
"Bido, Osvaldo",674370,2026,"94.4","18.2"
"Erceg, Lucas",668674,2026,"97.1","40.0"
"Montgomery, Mason",682254,2026,"98.3","45.0"
"Suarez, Robert",663158,2026,"98.8","32.0"
"Harris, Hogan",663687,2026,"95.1","48.0"
"Muñoz, Rolddy",691548,2026,"96.4","2.0"
"Sugano, Tomoyuki",608372,2026,"92.3","102.2"
"Brito, Jhony",666745,2026,"94.6","5.1"
"Myers, Tobias",668964,2026,"92.7","46.0"
"Ray, Robbie",592662,2026,"93.2","122.2"
"Klein, John",804619,2026,"94.9","4.1"
"Raley, Brooks",548384,2026,,"40.1"
"Sasaki, Roki",808963,2026,"97.8","99.0"
"Nance, Tommy",667297,2026,"94.6","40.0"
"McGee, Easton",668834,2026,"92.5","3.0"
"Warren, Austin",681810,2026,"93.9","35.0"
"Hentges, Sam",656529,2026,"93.9","22.1"
"Curtis, Khristian",694753,2026,"95.3","5.0"
"Granillo, Andre",701552,2026,"94.2","9.1"
"Flaherty, Jack",656427,2026,"92.7","86.1"
"Svanson, Matt",694335,2026,"96.4","43.1"
"Wilcox, Cole",677961,2026,"96.6","25.2"
"Miller, Erik",669062,2026,"96.8","32.1"
"Severino, Luis",622663,2026,"96.9","62.2"
"Woods Richardson, Simeon",680573,2026,"92.6","57.2"
"Medina, Luis",665622,2026,"97.6","49.2"
"Leibrandt, Brandon",605335,2026,"87.9","6.0"
"Foster, Cameron",671382,2026,"96.1","9.0"
"Gastelum, Luis",703725,2026,"94.2","10.0"
"Sears, JP",676664,2026,"93","31.2"
"Topa, Justin",623437,2026,,"19.0"
"Jax, Griffin",643377,2026,"96.1","86.2"
"Davis, Tyler",699823,2026,"96.2","26.1"
"O'Brien, Riley",676617,2026,,"43.2"
"Spence, Mitch",687765,2026,,"9.1"
"Assad, Javier",665871,2026,"93.3","69.2"
"Abner, Philip",691769,2026,"90.5","9.1"
"Phillips, Connor",683175,2026,"98.3","27.2"
"Antone, Tejay",622088,2026,"95.3","34.1"
"Nikhazy, Doug",680951,2026,"87.4","2.0"
"Fulton, Dax",690978,2026,"95.1","14.0"
"Manoah, Alek",666201,2026,"88.7","7.1"
"Rucker, Michael",621074,2026,"96","20.2"
"Vodnik, Victor",680767,2026,"98.6","35.0"
"Peralta, Sammy",671111,2026,"89.3","2.2"
"Laweryson, Cody",689520,2026,"92.6","16.2"
"Kay, Anthony",641743,2026,"95.8","103.2"
"Pérez, Martín",527048,2026,"89.9","90.1"
"Davila, Nick",689546,2026,"94.8","22.2"
"Beck, Tristan",663941,2026,"94.5","12.2"
"Fernandez, Ryan",681676,2026,"94.5","13.1"
"Hader, Josh",623352,2026,,"22.0"
"Edwards Jr., Carl",605218,2026,"92.5","6.0"
"Rock, Joe",697812,2026,"93.3","10.1"
"Cosgrove, Tom",676680,2026,"88.5","7.0"
"Zerpa, Angel",672582,2026,"95.4","12.2"
"Varland, Gus",681402,2026,"95.1","31.2"
"Orze, Eric",679358,2026,"92.8","41.1"
"Rodriguez, Bradgley",699134,2026,"98.2","47.1"
"Enns, Dietrich",608650,2026,"93.8","16.0"
"Singer, Brady",663903,2026,"90.7","107.2"
"Fleming, Josh",676596,2026,,"3.0"
"Walker, Ryan",676254,2026,"93.9","26.1"
"Garrett, Braxton",666129,2026,"91.7","4.1"
"Tolle, Payton",801139,2026,"96","95.0"
"Civale, Aaron",650644,2026,"91.4","79.2"
"Seymour, Carson",693313,2026,"95.5","4.1"
"Bassitt, Chris",605135,2026,"91.5","56.1"
"deGrom, Jacob",594798,2026,"97.2","110.1"
"Sanders, Cam",676742,2026,"96.1","11.0"
"Wesneski, Hayden",669713,2026,"93.5","5.2"
"Hartlieb, Geoff",664129,2026,"95.2","13.1"
"Nardi, Andrew",677053,2026,"94.6","22.2"
"Suarez, Ranger",624133,2026,"91.7","100.0"
"Bieber, Shane",669456,2026,"92.3","31.1"
"Johnson, Pierce",572955,2026,"95.4","32.2"
"Williams, Gavin",668909,2026,"97.2","133.1"
"Roberts, Ethan",681799,2026,,"25.2"
"Rodríguez, Yariel",684320,2026,"95.6","9.1"
"Sánchez, Cristopher",650911,2026,,"138.2"
"Hernández, Jonathan",642546,2026,"97.2","17.2"
"King, Michael",650633,2026,"94","125.1"
"Perkins, Jack",678022,2026,"95.9","68.1"
"Murray, Jayden",681151,2026,"95.3","16.1"
"Melton, Troy",675512,2026,"96.3","67.0"
"Bennett, Jake",687562,2026,"92.9","65.2"
"Stallings, Garrett",668831,2026,"92.4","5.0"
"Hamilton, Ian",641656,2026,"94.6","4.2"
"Hoffman, Nolan",676510,2026,"93.8","4.2"
"Skenes, Paul",694973,2026,"96.9","124.2"
"Devenski, Chris",606965,2026,"93.1","2.1"
"Rodón, Carlos",607074,2026,"94.4","46.1"
"Jansen, Kenley",445276,2026,,"28.2"
"Weathers, Ryan",677960,2026,"95.8","115.0"
"Kelly, Antoine",681520,2026,"96.2","1.1"
"Duran, Jhoan",661395,2026,"100.3","35.1"
"Martin, Davis",663436,2026,"94","117.0"
"Beeter, Clayton",690925,2026,"95.6","32.2"
"Strowd, Kade",669704,2026,"94.9","1.0"
"Coulombe, Danny",543056,2026,"89.8","22.0"
"Eisert, Brandon",685126,2026,"90","34.1"
"Lugo, Seth",607625,2026,"91.6","123.2"
"Williamson, Brandon",682227,2026,"92.5","28.0"
"Roycroft, Chris",688297,2026,"94.2","19.1"
"Castillo, Luis",622491,2026,"95.3","99.2"
"Armstrong, Shawn",542888,2026,"93.5","33.0"
"Zuber, Tyler",676604,2026,"95.2","18.1"
"Castellano, Eiberson",682769,2026,"95.5","3.0"
"Taylor, Grant",691799,2026,"98.2","54.2"
"Roa, Christian",685005,2026,"96","8.2"
"Johnson, Seth",686751,2026,"97.9","16.1"
"Liberatore, Matthew",669461,2026,"94.4","102.2"
"Oviedo, Johan",670912,2026,"93","3.2"
"Matsui, Yuki",673513,2026,"91.9","41.2"
"Del Castillo, Adrian",680728,2026,,"1.2"
"Herrin, Tim",682120,2026,"94.5","33.2"
"Muñoz, Roddery",682610,2026,"95","4.0"
"Hollowell, Gavin",668970,2026,"94.4","14.1"
"Romano, Jordan",605447,2026,"94.3","15.2"
"Detmers, Reid",672282,2026,"94.1","125.0"
"Curry, Xzavion",675540,2026,"90.5","11.0"
"Kochanowicz, Jack",686799,2026,"96.2","64.0"
"Schweitzer, Tyler",805326,2026,"94.3","22.2"
"Cecconi, Slade",677944,2026,"93.3","107.1"
"Tong, Jonah",804636,2026,"95.7","10.0"
"Samaniego, Tyler",701719,2026,"93.6","20.1"
"Eovaldi, Nathan",543135,2026,"94.6","127.1"
"Blanco, Ronel",669854,2026,"93.9","10.0"
"Lorenzen, Michael",547179,2026,"94","104.2"
"Gasser, Robert",688107,2026,"92.5","57.1"
"Dotel, Wilber",696062,2026,"98.2","24.2"
"Foley, Jason",671345,2026,"96.7","4.1"
"Gil, Luis",661563,2026,"95","19.1"
"Halvorsen, Seth",678020,2026,"98.8","19.0"
"Kelly, Michael",547184,2026,"95.9","5.0"
"Akin, Keegan",669211,2026,"93.7","25.1"
"Wrobleski, Justin",680736,2026,"94.3","112.2"
"Carrillo, Gerardo",672629,2026,"97.1","6.0"
"Urquidy, José",664353,2026,"92.6","6.1"
"Arrighetti, Spencer",681293,2026,"92.4","88.0"
"Fluharty, Mason",689254,2026,,"43.0"
"Prielipp, Connor",687570,2026,"95.5","72.1"
"Latz, Jacob",656641,2026,"94.7","50.0"
"Santos, Winston",692437,2026,"97.7","2.0"
"Castaño, Blas",680604,2026,"94.5","20.2"
"Petty, Chase",695534,2026,"96.9","30.0"
"Taillon, Jameson",592791,2026,"91.8","76.0"
"Drake, Kohl",684442,2026,"91.5","9.0"
"Ashcraft, Braxton",677952,2026,"97.2","122.1"
"Burke, Brock",656271,2026,"96.2","52.2"
"McClanahan, Shane",663556,2026,"95.6","99.0"
"Bazardo, Eduard",660825,2026,"95.5","48.2"
"Mautz, Brycen",802408,2026,"93.3","3.0"
"Ullola, Miguel",699044,2026,"95.3","5.0"
"Gilbert, Tyler",656457,2026,"91.7","3.2"
"Nola, Aaron",605400,2026,"92.2","114.0"
"Webb, Logan",657277,2026,"92.3","119.0"
"Sewald, Paul",623149,2026,"91.4","37.2"
"Mahle, Tyler",641816,2026,"92.6","89.0"
"Bibee, Tanner",676440,2026,"94","132.1"
"Gilbert, Logan",669302,2026,"96","125.2"
"Ureña, Walbert",700712,2026,"97.6","93.1"
"Alvarado, José",621237,2026,"97.1","40.0"
"Pérez, Cionel",672335,2026,"96.9","41.2"
"Hernández, Elieser",622694,2026,"91.4","6.0"
"Soto, Gregory",642397,2026,"97.1","45.1"
"Woo, Bryan",693433,2026,"95.9","120.1"
"Sabrowski, Erik",681870,2026,"94.1","31.0"
"Hurter, Brant",676428,2026,"92.1","25.1"
"Englert, Mason",669438,2026,"92.9","35.2"
"Phillips, Evan",623465,2026,"96.8","7.1"
"Weston, Cameron",687721,2026,,"1.0"
"Brash, Matt",666374,2026,"96.5","16.2"
"Elder, Bryce",693821,2026,"92.6","119.2"
"Gaddis, Hunter",683769,2026,"95.1","35.2"
"Schultz, Paxton",687606,2026,"93.6","32.1"
"Martin, Riley",702303,2026,"94.5","8.1"
"Okert, Steven",595345,2026,"91.4","53.1"
"Bachar, Lake",669199,2026,"94.7","55.2"
"Rivera, Eduardo",700842,2026,"95.3","10.0"
"Herget, Jimmy",623474,2026,"91.9","28.1"
"Juenger, Hayden",696522,2026,"94.6","8.2"
"Bruihl, Justin",677865,2026,"91.6","52.2"
"Clarke, Taylor",664199,2026,"94.4","49.1"
"Pop, Zach",647315,2026,,"7.1"
"Rangel, Alan",660604,2026,"92.9","23.1"
"Sanmartin, Reiver",665665,2026,"92.2","3.1"
"Young, Brandon",687064,2026,"94.4","103.1"
"Morris, Kade",695034,2026,"95.1","10.0"
"McCambley, Zach",685112,2026,"94.3","4.1"
"Sandoval, Patrick",663776,2026,"93.9","19.0"
"Leiter Jr., Mark",643410,2026,"92.2","33.2"
"Rodriguez, Eduardo",593958,2026,"92","130.2"
"Collyer, Gavin",686560,2026,"97.3","23.0"
"Criswell, Jeff",676105,2026,"95.4","4.0"
"Bigge, Hunter",685801,2026,"96.5","19.1"
"France, J.P.",641585,2026,"92.3","6.2"
"Duarte, Daniel",650960,2026,"94.5","11.1"
"Madden, Ty",680744,2026,"93.1","30.0"
"Holmes, Grant",656550,2026,"94.2","102.0"
"McGreevy, Michael",700241,2026,"91.7","116.0"
"Pintaro, Jonathan",702752,2026,"96.1","12.1"
"Burke, Sean",680732,2026,"94.9","124.1"
"Seelinger, Matt",676910,2026,"92.8","2.0"
"Gordon, Tanner",685299,2026,"92.7","58.0"
"Banda, Anthony",607455,2026,"94.6","34.1"
"Weissert, Greg",669711,2026,"93.9","43.1"
"Pfaadt, Brandon",694297,2026,"93.2","72.0"
"Sisk, Evan",681895,2026,"91.6","36.1"
"Peralta, Wandy",593974,2026,"96.4","54.2"
"Bummer, Aaron",607481,2026,"90.5","15.1"
"Wicks, Jordan",696136,2026,"93.1","10.1"
"Barco, Hunter",682995,2026,"94.2","14.2"
"Mederos, Victor",682989,2026,"97.1","13.1"
"Hart, Kyle",606996,2026,"94","40.2"
"Alcantara, Sandy",645261,2026,"97.5","150.2"
"Bowlan, Jonathan",680742,2026,"97.2","37.2"
"Kerkering, Orion",689147,2026,"97.4","42.0"
"Callihan, Tyler",682997,2026,,"3.0"
"Quantrill, Cal",615698,2026,"93.9","58.2"
"Griffin, Foster",656492,2026,"91.5","129.1"
"Rasmussen, Drew",656876,2026,"96","111.1"
"Hoppe, Alex",695380,2026,"97.9","28.0"
"Helsley, Ryan",664854,2026,"98.7","15.1"
"May, Dustin",669160,2026,"96.9","109.0"
"Rojas, Kendry",696070,2026,"96","28.2"
"Early, Connelly",813349,2026,"94","91.2"
"Santillan, Tony",663574,2026,"94.6","31.0"
"Shook, TJ",669298,2026,"92.1","5.2"
"Klassen, George",691946,2026,"96.8","4.2"
"De los Santos, Yerry",660787,2026,"94.9","8.2"
"Littell, Zack",641793,2026,"91.7","105.2"
"Banks, Tanner",621383,2026,"92","29.0"
"Falter, Bailey",663559,2026,"92.2","9.2"
"Herrera, Welinton",700327,2026,"94.5","2.1"
"Skubal, Tarik",669373,2026,"96.7","96.2"
"Yamamoto, Yoshinobu",808967,2026,"96","125.2"
"Mayza, Tim",641835,2026,"94.8","48.2"
"Poulin, PJ",676571,2026,"90.1","36.2"
"Waldron, Matt",663362,2026,"92","32.2"
"Pannone, Thomas",623381,2026,"90.5","3.0"
"Morales, Luis",806960,2026,"97.2","16.0"
"Verlander, Justin",434378,2026,"93.2","3.2"
"Morgan, David",688158,2026,"97.4","22.0"
"Pérez, Eury",691587,2026,"98.2","104.2"
"Kranick, Max",668820,2026,"95.8","4.2"
"Wells, Tyler",669330,2026,"93.5","54.0"
"Hurt, Kyle",669165,2026,"96.4","33.1"
"Gausman, Kevin",592332,2026,"93.9","121.2"
"Saucedo, Tayler",642048,2026,"92.6","3.1"
"Rutledge, Jackson",671131,2026,,"1.1"
"Murphy, Luke",684665,2026,"95.6","1.0"
"Kahnle, Tommy",592454,2026,"93.6","9.0"
"Dobbins, Hunter",690928,2026,"95.2","33.2"
"Leasure, Jordan",673929,2026,"95.8","18.2"
"Ramos, Wilkin",678576,2026,"95.8","2.0"
"Lowder, Rhett",695076,2026,"93.4","83.0"
"Holton, Tyler",663947,2026,"91.5","49.1"
"Slaten, Justin",686580,2026,"96.6","27.1"
"Blach, Ty",621389,2026,,"3.0"
"Vásquez, Randy",681190,2026,"95","95.0"
"Blackburn, Paul",621112,2026,"94.7","60.0"
"Hughes, Gabriel",687312,2026,"92.6","24.1"
"Bellozo, Valente",678368,2026,"90.4","10.2"
"Brubaker, JT",664141,2026,"93.1","52.1"
"Ekness, Josh",694795,2026,"97.1","5.1"
"Klein, Will",694361,2026,"97.5","41.2"
"Mey, Luis",682825,2026,"98.4","8.2"
"Soroka, Michael",647336,2026,"93.7","82.0"
"Seymour, Ian",693855,2026,"91.5","78.1"
"Palencia, Daniel",694037,2026,"99.4","16.2"
"Brogdon, Connor",641401,2026,"94.5","15.1"
"Wiemer, Joey",686894,2026,,"2.0"
"Lucchesi, Joey",664192,2026,"92.5","3.1"
"Zuñiga, Guillo",670871,2026,"97.4","1.0"
"Abreu, Bryan",650556,2026,"95.3","38.0"
"Espada, Jose",664744,2026,"93.8","1.0"
"Wacha, Michael",608379,2026,"93","138.1"
"Van Eyk, CJ",669310,2026,"94","5.2"
"Valdez, Framber",664285,2026,"95","113.1"
"Strahm, Matt",621381,2026,"91.2","34.2"
"Fuentes, Didier",800311,2026,"97.2","45.0"
"Davitt, Duncan",701474,2026,"92.3","1.0"
"Chandler, Bubba",696149,2026,"98.5","104.2"
"Corniell, Jose",692030,2026,"94.2","4.1"
"Mills, Wyatt",670090,2026,"90.9","4.1"
"Miles, Spencer",693686,2026,"96","70.0"
"Sousa, Bennett",656986,2026,"94.1","8.0"
"Richards, Trevor",670950,2026,"92.2","46.2"
"Manaea, Sean",640455,2026,"90.8","91.2"
"Wilson, Bryse",669060,2026,"93.5","20.1"
"Waldrep, Hurston",694462,2026,,"10.2"
"Acton, Garrett",670183,2026,"94.2","6.2"
"Ferguson, Tyler",621053,2026,"95.4","14.2"
"Chapman, Aroldis",547973,2026,"96.9","36.2"
"Rodriguez, Grayson",680570,2026,"96.1","44.0"
"Scherzer, Max",453286,2026,"93.2","24.2"
"Povich, Cade",700249,2026,"91.9","19.1"
"Warren, Will",701542,2026,"93.6","108.2"
"García, Luis",472610,2026,"95.9","15.0"
"Matthews, Zebby",805673,2026,"95.2","81.0"
"Yoho, Craig",684974,2026,"94.1","20.0"
"Brieske, Beau",689225,2026,"95.5","9.1"
"Cleavinger, Garrett",664076,2026,"96.6","32.2"
"Keller, Mitch",656605,2026,"93.4","113.2"
"Cole, Gerrit",543037,2026,"96.9","68.0"
"King, John",667463,2026,"90.5","43.0"
"Allard, Kolby",663465,2026,"89.4","8.2"
"Cease, Dylan",656302,2026,"97.4","119.1"
"Hill, Jaden",677955,2026,"97.1","26.2"
"Pallante, Andre",669467,2026,"95.2","118.2"
"Suárez, Albert",544150,2026,"93.6","44.0"
"Faucher, Calvin",676534,2026,"96.6","46.2"
"Molina, Anthony",683627,2026,"96.7","5.0"
"Black, Mason",696131,2026,"94.2","17.2"
"Jacob, Alek",689690,2026,"84.3","5.0"
"Gray, Sonny",543243,2026,"91.7","113.2"
"Williams, Devin",642207,2026,"93.9","36.2"
"Lord, Brad",695418,2026,"94.5","58.0"
"Funderburk, Kody",681892,2026,,"32.0"
"Pushard, Matt",690155,2026,"95.1","7.0"
"Nicolas, Kyle",693312,2026,"96.8","7.1"
"Henriquez, Edgardo",683618,2026,"100.6","43.0"
"Rogers, Taylor",573124,2026,,"39.1"
"Cuas, Jose",621016,2026,"92.2","6.1"
"Kirby, George",669923,2026,"96.6","120.0"
"Kolek, Stephen",663568,2026,"94.2","54.0"
"Fitzpatrick, Brian",702153,2026,"94","6.2"
"Sandlin, David",689818,2026,"96.8","19.1"
"Blubaugh, AJ",805123,2026,"95.6","68.1"
"Patrick, Chad",694477,2026,"95.3","80.1"
"Milner, Hoby",571948,2026,"87.4","35.2"
"Morris, Andrew",702193,2026,"97","52.0"
"Morgan, Eli",669212,2026,"91.2","19.1"
"Scott, Christian",681035,2026,"95.4","69.1"
"Sterner, Justin",686993,2026,"93.5","42.2"
"Santa, Alimber",695001,2026,"95.5","15.1"
"Ramírez, Yohan",670990,2026,"96.6","58.0"
"Feltner, Ryan",663372,2026,"94.9","70.2"
"Burgos, Juan",686228,2026,,"2.2"
"Ross, Joe",605452,2026,"95.2","11.2"
"Abbott, Andrew",671096,2026,"92.5","117.0"
"Ritchie, JR",702275,2026,"94.5","54.0"
"Gusto, Ryan",687473,2026,"94.1","39.0"
"Ryan, Joe",657746,2026,"93.5","120.1"
"Barnett, Mason",686930,2026,"95.1","29.2"
"Richardson, Lyon",680689,2026,"96.3","1.2"
"Martin, Chris",455119,2026,"94.5","14.0"
"Ribalta, Orlando",687377,2026,"96.8","31.2"
"Messick, Parker",800048,2026,"94.1","125.1"
"Trivino III, Lou",642152,2026,"94.5","6.0"
"Peguero, Joel",666711,2026,"100","11.1"
"McDermott, Chayce",694646,2026,"96","2.1"
"Yates, Kirby",489446,2026,"90.9","26.1"
"Lauer, Eric",641778,2026,"91","88.0"
"Schuemann, Max",680474,2026,,"1.0"
"Jameson, Drey",686753,2026,"96.5","17.1"
"Higgins, P.J.",664731,2026,,"1.0"
"Cruz, Steven",674444,2026,"98.3","39.0"
"Ginkel, Kevin",656464,2026,"95.4","46.1"
"Gage, Matt",657424,2026,"92.2","27.1"
"Ferguson, Caleb",657571,2026,"92.4","23.2"
"Allen, Logan",671106,2026,"90.6","7.1"
"Teodo, Emiliano",693713,2026,,"1.2"
"Brown, Hunter",686613,2026,"96.1","52.2"
"Matz, Steven",571927,2026,,"56.1"
"Williams, Trevor",592866,2026,"89.9","4.0"
"Hedges, Austin",595978,2026,,"1.1"
"Junis, Jakob",596001,2026,"92.3","40.0"
"Guerrero, Tyron",594027,2026,"95.8","25.0"
"Minter, A.J.",621345,2026,"93","23.0"
"McCullers Jr., Lance",621121,2026,"91.6","44.0"
"Thielbar, Caleb",573204,2026,"93.3","33.0"
"Peralta, Freddy",642547,2026,"94.2","113.2"
"Pallette, Peyton",688883,2026,"95.4","20.2"
"Chivilli, Angel",683409,2026,"97.9","15.0"
"Yean, Eddy",678868,2026,"96.9","8.0"
"Smith, Burch",572143,2026,"93.8","17.0"
"Garcia, Robert",676395,2026,"94.2","8.0"
"Cruz, Yovanny",672442,2026,"100.1","4.1"
"Lee, Chase",695445,2026,"90.3","3.1"
"Brzykcy, Zach",694350,2026,"94","3.0"
"Winn, Cole",668390,2026,"95.2","36.1"
"Henderson, Logan",701656,2026,"93","44.0"
"Fermin, José",820862,2026,"96.3","36.1"
"Muñoz, Andrés",662253,2026,"99.5","38.1"
"Seabold, Connor",657756,2026,"93.6","24.0"
"Adam, Jason",592094,2026,"93.4","32.1"
"Payamps, Joel",606303,2026,"93.9","7.2"
"Thornton, Zac",804267,2026,"92.1","29.2"
"Smith, Cade",671922,2026,"97.1","50.0"
"Velasquez, Vince",592826,2026,"92.2","3.1"
"Grove, Michael",675627,2026,"94.7","3.0"
"Sandlin, Nick",680704,2026,"91.4","8.2"
"Bubic, Kris",663460,2026,"91.8","50.1"
"Holderman, Colin",670059,2026,"97.4","42.0"
"Agnos, Zach",688642,2026,"94.5","63.2"
"Arcia, Orlando",606115,2026,,"1.0"
"Hoffmann, Andrew",694851,2026,"94.5","11.2"
"Rajcic, Max",691008,2026,"95.5","9.0"
"Tur, Yunior",814305,2026,"95.6","2.2"
"Kuhnel, Joel",669270,2026,"95.1","35.1"
"Kent, Zak",687849,2026,"92.7","14.1"
"Walker, Josh",677020,2026,"92.3","10.0"
"Morejon, Adrian",670970,2026,"99.3","57.1"
"Kriske, Brooks",621139,2026,"92.3","2.2"
"Maxwell, Zach",687209,2026,"98.7","10.0"
"Meyer, Max",676974,2026,"95.1","111.0"
"Ohtani, Shohei",660271,2026,"98.1","85.2"
"Rea, Colin",607067,2026,"93.7","111.2"
"Garcia, Julian",670062,2026,"92.4","18.2"
"Kelly, Kevin",687330,2026,"93.1","49.2"
"Gonzalez, Domingo",682445,2026,"92.9","7.2"
"Kittredge, Andrew",552640,2026,"94.4","31.0"
"Nunez, Anthony",689296,2026,"96.1","44.0"
"Cabrera, Edward",665795,2026,"96.1","72.1"
"Jones, Jared",683003,2026,"98.4","52.0"
"Thomas, Connor",671162,2026,"91","6.1"
"Gamboa, Alec",687941,2026,"95.7","13.0"
"Alvarado, Elvis",665660,2026,"98.9","33.0"
"Yarbrough, Ryan",642232,2026,"87.4","43.0"
"McFarlane, Alex",686934,2026,"100.2","1.0"
"Barnes, Charlie",656212,2026,"89.3","13.0"
"Voth, Austin",608723,2026,"92.1","10.0"
"Fernández, Julian",642759,2026,"96.3","4.0"
"Morán, Jovani",663558,2026,"92.4","44.1"
"De Los Santos, Enyel",660853,2026,"95","50.2"
"Blewett, Scott",656240,2026,"95.4","4.0"
"Phillips, Tyler",663969,2026,"96.2","84.1"
"Corbin, Patrick",571578,2026,"91.3","80.0"
"Holmes, Clay",605280,2026,"94.6","52.2"
"Sheehan, Emmet",686218,2026,"94.5","92.2"
"Sommers, Drew",805427,2026,"94.7","16.2"
"Marinaccio, Ron",676760,2026,"93.8","50.1"
"Suarez, José",660761,2026,"92.7","56.1"
"Wantz, Andrew",681806,2026,"94.3","3.2"
"Waguespack, Jacob",621097,2026,"92.9","20.0"
"Webb, Jacob",657097,2026,"94.2","47.2"
"Mlodzinski, Carmen",669387,2026,"95","91.1"
"Karinchak, James",675916,2026,"95","9.2"
"Weiss, Ryan",680802,2026,"95.2","26.0"
"Tidwell, Blade",694918,2026,"96.2","12.0"
"Dallas, Chad",689149,2026,"93.4","4.2"
"Roupp, Landen",694738,2026,"92.9","113.2"
"Irvin, Cole",608344,2026,"90.8","6.0"
"Beck, Brendan",694341,2026,"92.4","6.2"
"Strider, Spencer",675911,2026,"95.1","39.0"
"Zeferjahn, Ryan",666171,2026,"97.4","50.0"
"Buehler, Walker",621111,2026,"94","100.0"
"Loáisiga, Jonathan",642528,2026,"97.3","43.0"
"Carrasco, Carlos",471911,2026,"91.8","16.2"
"Alexander, Tyler",641302,2026,"91.9","46.0"
"Weaver, Luke",596133,2026,"95.3","43.0"
"Pearson, Nate",663878,2026,"97.6","22.0"
"Rom, Drew",680723,2026,"92.3","5.2"
"Moll, Sam",594580,2026,"92.5","43.1"
"Baumler, Carter",691945,2026,"95","5.2"
"Shuster, Jared",694363,2026,"93.4","9.0"
"Waldichuk, Ken",686610,2026,"93.1","9.1"
"Martin, Corbin",656686,2026,"94.9","5.0"
"Kempner, William",687531,2026,"95.5","12.1"
"Sproat, Brandon",687075,2026,"96.7","92.2"
"Kerry, Brett",695049,2026,"92.2","4.0"
"Winn, Keaton",676775,2026,"96.3","36.2"
"Márquez, Germán",608566,2026,"94.6","52.0"
"Smith, Dylan",681916,2026,"95.8","18.0"
"Canning, Griffin",656288,2026,"94.4","65.0"
"Harvey, Hunter",640451,2026,"96.7","4.0"
"Sands, Cole",663485,2026,"93.1","12.0"
"Dobnak, Randy",677976,2026,"92.4","26.0"
"Smith, Shane",681343,2026,"95.3","8.1"
"Garcia, Rico",670329,2026,"95.3","46.2"
"Cook, Alex",702047,2026,"95","2.0"
"Maton, Phil",664208,2026,,"27.2"
"Lodolo, Nick",666157,2026,"94","62.2"
"Alvarez, Andrew",674841,2026,"92.4","57.2"
"Aleman, Franco",680916,2026,"96.4","14.0"
"Festa, Matt",670036,2026,"92.4","44.2"
"Springs, Jeffrey",605488,2026,"91.4","108.0"
"Jump, Gage",695611,2026,"96.3","63.0"
"Giolito, Lucas",608337,2026,"90.8","29.2"
"Silseth, Chase",681217,2026,"96","39.2"
"Bradley, Taj",671737,2026,"97","120.2"
"Brebbia, John",605154,2026,"92.3","4.1"
"Eder, Jake",671109,2026,"95","4.0"
"Way, Beck",694360,2026,"97.4","23.1"
"Greene, Hunter",668881,2026,"98.3","27.2"
"Lynch IV, Daniel",663738,2026,"94.9","45.0"
"Javier, Cristian",664299,2026,"93","21.1"
"Sullivan, Sean",807743,2026,"87.6","22.1"
"Criswell, Cooper",681867,2026,"91","30.2"
"Hiraldo, Yaramil",682274,2026,"95.5","1.2"
"Bachman, Sam",696147,2026,"98.5","45.1"
"Palmquist, Carson",687223,2026,"91.2","16.0"
"Senzatela, Antonio",622608,2026,"97.3","52.1"
"Cruz, Fernando",518585,2026,"93.2","46.2"
"Hicks, Jordan",663855,2026,"99.5","31.0"
"Uberstine, Tyler",700413,2026,"92.9","2.2"
"Borucki, Ryan",621366,2026,,"23.2"
"Gerber, Joey",680702,2026,"93.5","8.1"
"Varland, Louis",686973,2026,"98.6","56.0"
"Trevino, Jose",624431,2026,,"5.0"
"Miller, Bryce",682243,2026,"96.1","74.0"
"Rocker, Kumar",677958,2026,"94.4","102.2"
"Fairbanks, Pete",664126,2026,"97.3","34.1"
"Gallen, Zac",668678,2026,"93.4","98.0"
"Pivetta, Nick",601713,2026,"94.1","16.0"
"Curvelo, Luis",681168,2026,"95.8","10.1"
"Avila, Luinder",679883,2026,"96.2","67.1"
"Alexander, Jason",669920,2026,"91.5","18.1"
"Bivens, Spencer",702352,2026,"95.8","2.0"
"Mattson, Isaac",676755,2026,"94.1","34.2"
"Iglesias, Raisel",628452,2026,"94.5","39.0"
"Estes, Joey",683155,2026,"93.6","4.1"
"Scholtens, Jesse",669947,2026,"93.1","37.2"
"Petersen, Michael",656848,2026,"97.8","45.0"
"Dollander, Chase",801403,2026,"98.9","44.0"
"Rogers, Trevor",669432,2026,"93.5","109.2"
"Koenig, Jared",657649,2026,"96","7.0"
"Thompson, Keegan",624522,2026,"92.3","12.0"
"Lopez, Jacob",682052,2026,"90.5","70.0"
"Wheeler, Zack",554430,2026,"95.2","103.0"
"Senga, Kodai",673540,2026,"96.2","44.2"
"Irvin, Jake",663623,2026,"92.9","56.2"
"Bird, Jake",656234,2026,"93.9","30.1"
"Headrick, Brent",687396,2026,"94.3","55.1"
"Imanaga, Shota",684007,2026,"91.7","127.2"
"Schultz, Noah",702273,2026,"95.2","60.0"
"Keller, Brian",662144,2026,"92.1","3.0"
"Lambert, Peter",663567,2026,"93.9","103.0"
"Romero, JoJo",668941,2026,"94.5","43.0"
"Henry, Cole",669371,2026,"93.9","13.2"
"Freeland, Kyle",607536,2026,"91.5","99.1"
"Quintana, Jose",500779,2026,"89.7","41.0"
"Thornton, Trent",663423,2026,"95","32.2"
"Ponce, Cody",664074,2026,"95.9","2.1"
"Gibson, Trey",694346,2026,"95.4","33.0"
"Teng, Kai-Wei",678906,2026,"93.3","68.1"
"Peterson, David",656849,2026,"92.3","94.2"
"Boyle, Joe",671212,2026,"97.1","15.2"
"Cantillo, Joey",676282,2026,"92.1","113.2"
"Paez, Jedixson",699151,2026,"91.9","3.0"
"Bednar, David",670280,2026,"96.1","47.0"
"Casparius, Ben",676508,2026,"95.8","4.2"
"Bidois, Brandan",684049,2026,"96.9","15.2"
"Barlow, Scott",605130,2026,"89","33.1"
"Burns, Chase",695505,2026,"97.7","112.2"
"Estrada, Lazaro",681751,2026,"92.7","9.1"
"Boyd, Matthew",571510,2026,"92.7","66.0"
"Scott, Tanner",656945,2026,"96.7","44.2"
"Kremer, Dean",665152,2026,"93.1","36.0"
"Rolison, Ryan",669020,2026,"94.6","42.1"
"Natera Jr., Samy",696519,2026,"94.6","21.2"
"King, Bryan",687911,2026,"91.9","46.2"
"Painter, Andrew",691725,2026,"96.6","71.0"
"Wolfram, Grant",664991,2026,"95.4","33.0"
"Heuer, Codi",676051,2026,"95.4","9.2"
"Doval, Camilo",666808,2026,,"39.2"
"Dodd, Dylan",689266,2026,"94.2","32.2"
"Fried, Max",608331,2026,"94.9","69.2"
"Sale, Chris",519242,2026,"96.1","117.0"
"Bernardino, Brennan",657514,2026,"90.5","45.1"
"Cameron, Noah",702070,2026,"92.5","115.2"
"Simpson, Josh",681006,2026,"92.9","3.0"
"Ragans, Cole",666142,2026,"94.9","35.1"
"Speier, Gabe",642100,2026,"95.3","28.2"
"Cavalli, Cade",676917,2026,"96.8","116.2"
"Paredes, Mike",702474,2026,"93","34.1"
"Raquet, Nick",675919,2026,,"3.2"
"Houser, Adrian",605288,2026,"95.5","91.2"
"Basso, Brady",669620,2026,"93.1","14.0"
"Gonzales, Marco",594835,2026,"89.9","6.0"
"Rodriguez, Carlos",692230,2026,"94.1","9.1"
"Hanifee, Brenan",669724,2026,"96.2","20.1"
"Miller, Mason",695243,2026,"101.4","45.2"
"Burrows, Mike",681347,2026,"95","94.2"
"Little, Brendon",663893,2026,"96.2","10.2"
"Murphy, Chris",669684,2026,"96.3","27.2"
"Mears, Nick",683232,2026,"94.8","19.1"
"Fedde, Erick",607200,2026,"94.4","102.1"
"Gibson, Cade",806188,2026,"92.3","28.1"
"Anderson, Jack",681252,2026,"90.8","12.1"
"Paddack, Chris",663978,2026,"92.9","57.0"
"Ashcraft, Graham",668933,2026,,"27.0"
"Walker, Taijuan",592836,2026,"91.9","22.2"
"De Jesus, Enmanuel",646241,2026,"94.2","33.2"
"Drohan, Shane",675660,2026,"94.8","88.0"
"Vest, Will",676684,2026,"95.8","26.2"
"Sulser, Cole",642121,2026,"92.2","46.1"
"Ober, Bailey",641927,2026,"88.2","87.0"
"Aldegheri, Sam",691951,2026,"92.1","33.2"
"Mejia, Juan",675848,2026,"97.4","47.1"
"Kelly, Zack",677161,2026,"96.1","16.1"
"Finnegan, Kyle",640448,2026,"96.3","46.0"
"Morillo, Juan",666661,2026,"98.7","43.2"
"Franco, Jose",683742,2026,"95.1","20.1"
"Schreiber, John",670167,2026,"93.7","40.2"
"Leiter, Jack",683004,2026,"96.7","80.0"
"Schlittler, Cam",693645,2026,"97.9","136.2"
"Brown, Ben",676962,2026,"96.3","68.0"
"Graceffo, Gordon",700669,2026,"95.5","54.1"
"Martinez, Nick",607259,2026,"92.8","123.1"
"Knack, Landon",689017,2026,"93.6","5.0"
"Kelly, Merrill",518876,2026,"92.2","109.1"
"Hancock, Emerson",676106,2026,"95.4","110.1"
"Pagán, Emilio",641941,2026,"94.8","23.1"
"Vivas, Jorbit",678391,2026,,"2.2"
"Gore, MacKenzie",669022,2026,"95.4","122.2"
"Mikolas, Miles",571945,2026,"93.3","102.0"
"Hudson, Bryan",663542,2026,"92","46.2"
"Martin, Trevor",694680,2026,"95","11.1"
"Cortes, Carlos",666126,2026,,"6.0"
"Montero, Keider",672456,2026,"94.3","110.1"
"Lawrence, Justin",664875,2026,"95.6","34.1"
"Macko, Adam",671936,2026,"94.5","22.0"
"Misiorowski, Jacob",694819,2026,"100.6","120.0"
"Lee, Dylan",669276,2026,"93.3","50.0"
"Domínguez, Seranthony",622554,2026,"97.3","37.1"
"Hoffman, Jeff",656546,2026,"96.5","47.0"
"Legumina, Casey",668984,2026,"93.4","45.2"
"Hall, DL",669084,2026,"94.6","31.0"
"Vanasco, Ricky",676568,2026,"93.7","6.1"